"terms";"coocs";"distcoocs";"recs";"distrecs";"coocProp";"terms";"entropy";"terms";"evenness";"terms";"richness";"terms";"density";"terms";"modularity"
"#-bold";0;0;0;0;0;"#-bold";0;"#-bold";0,882045436716856;"#-bold";267;"#-bold";3,43824870594341e-05;"#-bold";0,923076510429382
"#-certain";0;0;2;1063,5;0;"#-certain";0,64502922330777;"#-certain";0,914890848523618;"#-certain";116;"#-certain";0,000153211979299101;"#-certain";0,867290099461873
"#-chatty";1;1;0;0;1;"#-chatty";0;"#-chatty";0,878574764048419;"#-chatty";271;"#-chatty";3,28639003523441e-05;"#-chatty";0,921029925346375
"#-compassionate";0;0;0;0;0;"#-compassionate";0;"#-compassionate";0,932855021875064;"#-compassionate";56;"#-compassionate";0,000213889295403632;"#-compassionate";0,796398937702179
"#-consistent";0;0;0;0;0;"#-consistent";0;"#-consistent";0,886747994577259;"#-consistent";239;"#-consistent";4,56553518208342e-05;"#-consistent";0,917930722236633
"#-cordial";0;0;1;2243;0;"#-cordial";0,22818049427696;"#-cordial";0,893288600034013;"#-cordial";223;"#-cordial";5,23913651593316e-05;"#-cordial";0,921186536550522
"#-easy";0;0;1;2394;0;"#-easy";0,789049763074609;"#-easy";0,90703980685025;"#-easy";153;"#-easy";8,44393442909972e-05;"#-easy";0,889445096254349
"#-eloquent";0;0;0;0;0;"#-eloquent";0;"#-eloquent";0,899838652225667;"#-eloquent";200;"#-eloquent";5,58378718355561e-05;"#-eloquent";0,928764283657074
"#-fastidious";0;0;0;0;0;"#-fastidious";0;"#-fastidious";0,950126246125121;"#-fastidious";20;"#-fastidious";0,000317431525485217;"#-fastidious";0,357142865657806
"#-general";0;0;0;0;0;"#-general";0;"#-general";0,874379605609473;"#-general";281;"#-general";2,80787624063795e-05;"#-general";0,911951899528503
"#-gracious";0;0;0;0;0;"#-gracious";0;"#-gracious";0,906482255813165;"#-gracious";169;"#-gracious";7,87072383892484e-05;"#-gracious";0,919307112693787
"#-handsome";0;0;5;928,6;0;"#-handsome";0,401611226083028;"#-handsome";0,912964360900881;"#-handsome";137,333333333333;"#-handsome";0,000156757155545221;"#-handsome";0,762816329797109
"#-hasty";0;0;1;4862;0;"#-hasty";1,83938556601603;"#-hasty";0,903739423057975;"#-hasty";152,5;"#-hasty";0,000179736202060244;"#-hasty";0,780224174261093
"#-hopeless";0;0;0;0;0;"#-hopeless";0;"#-hopeless";0,884092655893353;"#-hopeless";259;"#-hopeless";3,7655643821966e-05;"#-hopeless";0,91973340511322
"#-kind";1;1;0;0;1;"#-kind";0;"#-kind";0,885994917504435;"#-kind";255;"#-kind";3,97820889970119e-05;"#-kind";0,922829568386078
"#-penitent";0;0;0;0;0;"#-penitent";0;"#-penitent";0,899494472227743;"#-penitent";206;"#-penitent";5,29557989570549e-05;"#-penitent";0,932177424430847
"#-pleasant";0;0;0;0;0;"#-pleasant";0;"#-pleasant";0,966863346962478;"#-pleasant";13;"#-pleasant";0,000264503614882737;"#-pleasant";0
"#-romantic";0;0;0;0;0;"#-romantic";0;"#-romantic";0,90633209801031;"#-romantic";159;"#-romantic";7,84738014379072e-05;"#-romantic";0,916822075843811
"#-sanguine";0;0;0;0;0;"#-sanguine";0;"#-sanguine";0,885163288926856;"#-sanguine";256;"#-sanguine";3,87187806562461e-05;"#-sanguine";0,918940961360931
"#-selfish";0;0;0;0;0;"#-selfish";0;"#-selfish";0,887039308549935;"#-selfish";249;"#-selfish";4,21408361325153e-05;"#-selfish";0,920835673809052
"#-serious";0;0;1;472;0;"#-serious";0,16494867547876;"#-serious";0,904931794458876;"#-serious";160,5;"#-serious";7,84790872892772e-05;"#-serious";0,915643155574799
"#-severe";0;0;0;0;0;"#-severe";0;"#-severe";0,88414144124601;"#-severe";258;"#-severe";3,82103949256596e-05;"#-severe";0,917321801185608
"#-sufficient";0;0;0;0;0;"#-sufficient";0;"#-sufficient";0,969207387579044;"#-sufficient";14;"#-sufficient";0,000241312741312741;"#-sufficient";0
"#-thankful";0;0;0;0;0;"#-thankful";0;"#-thankful";0,906248024292154;"#-thankful";171;"#-thankful";7,82434410088271e-05;"#-thankful";0,912463963031769
"#-true";0;0;0;0;0;"#-true";0;"#-true";0,879229483793013;"#-true";270;"#-true";3,30442679558325e-05;"#-true";0,923935949802399
"#-wise";0;0;0;0;0;"#-wise";0;"#-wise";0,88689444273868;"#-wise";246;"#-wise";4,29981652615347e-05;"#-wise";0,916350603103638
"abrupt";0;0;0;0;0;"abrupt";0;"abrupt";0,886291874295433;"abrupt";240;"abrupt";4,55296309058893e-05;"abrupt";0,912437736988068
"acceptable";0;0;4;721,5;0;"acceptable";0,110453166629623;"acceptable";0,902675473393966;"acceptable";179,2;"acceptable";7,01575147596077e-05;"acceptable";0,917135894298553
"accurate";0;0;0;0;0;"accurate";0;"accurate";0,903486676645961;"accurate";186;"accurate";6,70051115951582e-05;"accurate";0,923500537872314
"active";0;0;3;388;0;"active";0,12514095389661;"active";0,90800133618037;"active";156;"active";7,85088591668873e-05;"active";0,911054462194443
"acute";0;0;1;846;0;"acute";0,0879961140787193;"acute";0,894196557322811;"acute";224;"acute";4,87081317819805e-05;"acute";0,920878738164902
"affable";0;0;0;0;0;"affable";0;"affable";0,887577390844953;"affable";238;"affable";4,55767224428147e-05;"affable";0,921975314617157
"affectionate";4;4;14;313,428571428571;1;"affectionate";0,0389573575214907;"affectionate";0,891258550575176;"affectionate";227,533333333333;"affectionate";4,91021980280844e-05;"affectionate";0,92035516500473
"aloof";0;0;0;0;0;"aloof";0;"aloof";0,891252543764567;"aloof";228;"aloof";4,81051804924189e-05;"aloof";0,924979507923126
"animated";0;0;1;990;0;"animated";0,25077021415076;"animated";0,905290842213683;"animated";167,5;"animated";7,23777160302355e-05;"animated";0,915471404790879
"arrogant";0;0;0;0;0;"arrogant";0;"arrogant";0,914805693638712;"arrogant";123;"arrogant";9,10480956352516e-05;"arrogant";0,893421232700348
"authoritative";1;1;1;1030;1;"authoritative";0,30327085460141;"authoritative";0,908819866974878;"authoritative";157;"authoritative";7,85529877206687e-05;"authoritative";0,910233080387115
"awkward";0;0;6;649,833333333333;0;"awkward";0,068137360388855;"awkward";0,888852854517049;"awkward";230,285714285714;"awkward";4,933613133948e-05;"awkward";0,916849136352539
"bashful";0;0;0;0;0;"bashful";0;"bashful";0,908374521858123;"bashful";146;"bashful";8,56245428337851e-05;"bashful";0,9080451130867
"bitter";0;0;1;2070;0;"bitter";0,93679486421735;"bitter";0,91369974602141;"bitter";131,5;"bitter";0,000108350414637268;"bitter";0,889557898044586
"busy";0;0;0;0;0;"busy";0;"busy";0,876816090381938;"busy";280;"busy";2,88987413048106e-05;"busy";0,91285514831543
"calm";0;0;2;1188;0;"calm";0,18397508434455;"calm";0,898767764561843;"calm";197;"calm";6,35374857134617e-05;"calm";0,923638522624969
"candid";0;0;0;0;0;"candid";0;"candid";0,931240458465792;"candid";29;"candid";0,000317084513592356;"candid";0,646666705608368
"careful";0;0;0;0;0;"careful";0;"careful";0,884059366986803;"careful";260;"careful";3,75823927377797e-05;"careful";0,91973340511322
"careless";3;3;1;2182;1;"careless";0,86068045236925;"careless";0,909270202766286;"careless";145;"careless";8,87636731793612e-05;"careless";0,899393081665039
"casual";0;0;0;0;0;"casual";0;"casual";0,898892456844135;"casual";207;"casual";5,25096564368193e-05;"casual";0,930919587612152
"cautious";1;1;3;1293,66666666667;1;"cautious";0,61284787944126;"cautious";0,913886477880813;"cautious";128,25;"cautious";0,000137333686260157;"cautious";0,825115337967873
"ceremonious";0;0;1;3530;0;"ceremonious";0,483695114736601;"ceremonious";0,896671262754717;"ceremonious";199,5;"ceremonious";6,08237928108298e-05;"ceremonious";0,905835896730423
"certain";11;11;42;122,071428571429;1;"certain";0,0303363134485067;"certain";0,894211136095875;"certain";212,744186046512;"certain";5,97146174891403e-05;"certain";0,913030503794204
"cheerful";0;0;4;1079,75;0;"cheerful";0,291836490169932;"cheerful";0,897184895696461;"cheerful";200,4;"cheerful";7,84963655531379e-05;"cheerful";0,897998178005219
"christian";0;0;1;1;0;"christian";0,00153847546439057;"christian";0,877419815724301;"christian";278;"christian";2,9833333332398e-05;"christian";0,917044371366501
"civil";3;3;14;347,928571428571;1;"civil";0,117521968921948;"civil";0,904377281209589;"civil";158,4;"civil";0,000110329830255353;"civil";0,873502445220947
"clamorous";1;1;0;0;1;"clamorous";0;"clamorous";0,891083814711441;"clamorous";233;"clamorous";4,73370891226213e-05;"clamorous";0,920712947845459
"close";0;0;1;1384;0;"close";0,34070194038319;"close";0,907074819074553;"close";166,5;"close";7,07086855536746e-05;"close";0,919082880020141
"coherent";0;0;0;0;0;"coherent";0;"coherent";0,887066859686029;"coherent";248;"coherent";4,25765752227904e-05;"coherent";0,920835673809052
"cold";3;3;13;319,692307692308;1;"cold";0,0807918489679584;"cold";0,902730724268421;"cold";178,285714285714;"cold";7,2075762801918e-05;"cold";0,908131088529314
"communicative";0;0;0;0;0;"communicative";0;"communicative";0,878530966073639;"communicative";272;"communicative";3,19029446417904e-05;"communicative";0,912136077880859
"compassionate";0;0;0;0;0;"compassionate";0;"compassionate";0,886552752230846;"compassionate";251;"compassionate";4,17390552123357e-05;"compassionate";0,919164001941681
"conceited";0;0;3;337;0;"conceited";0,45914656279643;"conceited";0,930284016098174;"conceited";64,25;"conceited";0,000212484685692204;"conceited";0,764216542243958
"conciliatory";0;0;0;0;0;"conciliatory";0;"conciliatory";0,909710159908767;"conciliatory";134;"conciliatory";8,59893669700016e-05;"conciliatory";0,917607963085175
"concise";0;0;0;0;0;"concise";0;"concise";0,900750006073553;"concise";194;"concise";5,94642273119196e-05;"concise";0,929263174533844
"confident";1;1;2;616,5;1;"confident";0,0799190274631449;"confident";0,898958662019711;"confident";199,666666666667;"confident";6,00432660340963e-05;"confident";0,927998423576355
"confidential";1;1;0;0;1;"confidential";0;"confidential";0,915877940779009;"confidential";117;"confidential";9,31937031119181e-05;"confidential";0,888657629489899
"congenial";0;0;0;0;0;"congenial";0;"congenial";0,897070776223555;"congenial";221;"congenial";4,99254395787473e-05;"congenial";0,936497211456299
"congratulatory";0;0;0;0;0;"congratulatory";0;"congratulatory";0,874054120473064;"congratulatory";284;"congratulatory";2,76127394877213e-05;"congratulatory";0,912622511386871
"consistent";1;1;1;346;1;"consistent";0,124823933586701;"consistent";0,911908948924512;"consistent";131;"consistent";8,93537560371894e-05;"consistent";0,89684209227562
"constant";4;4;9;373,444444444444;1;"constant";0,0675771070321422;"constant";0,899609449300984;"constant";195,2;"constant";6,11295514841476e-05;"constant";0,923282879590988
"contrary";0;0;1;2091;0;"contrary";0,26573825224028;"contrary";0,895777702567202;"contrary";209;"contrary";5,95141831273915e-05;"contrary";0,919396787881852
"cool";0;0;0;0;0;"cool";0;"cool";0,897676581697024;"cool";213;"cool";5,15791096110692e-05;"cool";0,938126027584076
"cordial";0;0;0;0;0;"cordial";0;"cordial";0,944592974482989;"cordial";23;"cordial";0,00032250262033379;"cordial";0,3671875
"creative";0;0;0;0;0;"creative";0;"creative";0,890636797635885;"creative";231;"creative";4,75901755970426e-05;"creative";0,931864976882935
"cruel";1;1;2;2220,5;1;"cruel";0,60706314928849;"cruel";0,899877181725947;"cruel";189;"cruel";0,000111457871447625;"cruel";0,881586889425913
"cunning";0;0;0;0;0;"cunning";0;"cunning";0,926694225055148;"cunning";64;"cunning";0,000159696222297141;"cunning";0,848594009876251
"curious";0;0;3;1226;0;"curious";0,327575225498587;"curious";0,894162087530716;"curious";206;"curious";6,40149648864491e-05;"curious";0,904912769794464
"daring";0;0;0;0;0;"daring";0;"daring";0,879348903795698;"daring";269;"daring";3,32789303151134e-05;"daring";0,924287378787994
"decisive";0;0;0;0;0;"decisive";0;"decisive";0,902407084131774;"decisive";190;"decisive";6,51660980527257e-05;"decisive";0,925946414470673
"delicate";0;0;3;1257,66666666667;0;"delicate";0,335183031153827;"delicate";0,90449379401281;"delicate";166,75;"delicate";8,35950321886787e-05;"delicate";0,885680451989174
"dependent";0;0;0;0;0;"dependent";0;"dependent";0,897524760823183;"dependent";218;"dependent";5,15602192006076e-05;"dependent";0,939386963844299
"destructive";0;0;0;0;0;"destructive";0;"destructive";0,906496242965686;"destructive";167;"destructive";7,88329644847881e-05;"destructive";0,915832161903381
"dictatorial";0;0;0;0;0;"dictatorial";0;"dictatorial";0,91521081579646;"dictatorial";125;"dictatorial";9,08964751595892e-05;"dictatorial";0,893421232700348
"dignified";0;0;0;0;0;"dignified";0;"dignified";0,886105259131206;"dignified";241;"dignified";4,50602262833431e-05;"dignified";0,915099024772644
"dilatory";0;0;0;0;0;"dilatory";0;"dilatory";0,883281027806157;"dilatory";262;"dilatory";3,61430901038883e-05;"dilatory";0,925755202770233
"direct";0;0;1;1578;0;"direct";0,27267197378178;"direct";0,897760492805342;"direct";195;"direct";6,29637625628939e-05;"direct";0,918128341436386
"discerning";0;0;0;0;0;"discerning";0;"discerning";0,887529310309449;"discerning";244;"discerning";4,37036681521676e-05;"discerning";0,914894282817841
"disrespectful";0;0;0;0;0;"disrespectful";0;"disrespectful";0,9173766630729;"disrespectful";92;"disrespectful";0,000107179669612967;"disrespectful";0,859042465686798
"dissatisfied";0;0;0;0;0;"dissatisfied";0;"dissatisfied";0,920763138785947;"dissatisfied";31;"dissatisfied";0,000317211524108076;"dissatisfied";0,653979241847992
"doleful";0;0;0;0;0;"doleful";0;"doleful";0,909406429699837;"doleful";152;"doleful";8,25981442950248e-05;"doleful";0,917902410030365
"domestic";0;0;4;618,5;0;"domestic";0,20736864339352;"domestic";0,901004616570217;"domestic";190,4;"domestic";6,67330798884835e-05;"domestic";0,914098525047302
"eager";3;3;10;429,4;1;"eager";0,049898390742999;"eager";0,890965978076448;"eager";228,454545454545;"eager";4,89369788022899e-05;"eager";0,918515210801905
"earnest";0;0;8;547,125;0;"earnest";0,0668333563413737;"earnest";0,889883893205412;"earnest";228;"earnest";5,01193318129783e-05;"earnest";0,915704528490702
"easy";0;0;15;331,4;0;"easy";0,0887105104082146;"easy";0,895041493155154;"easy";209,5;"easy";6,64737399389448e-05;"easy";0,907449990510941
"eloquent";0;0;0;0;0;"eloquent";0;"eloquent";0,918030244024102;"eloquent";99;"eloquent";0,00010420535677438;"eloquent";0,874669194221497
"emphatic";0;0;0;0;0;"emphatic";0;"emphatic";0,980723940941842;"emphatic";11;"emphatic";0,00026123301985371;"emphatic";0
"energetic";0;0;0;0;0;"energetic";0;"energetic";0,926871233212517;"energetic";42;"energetic";0,000279275977029551;"energetic";0,7822265625
"exact";2;2;2;2312;1;"exact";0,53614483661525;"exact";0,899660877329615;"exact";194,333333333333;"exact";8,30997234364288e-05;"exact";0,883573532104492
"explicit";0;0;1;585;0;"explicit";-0,0057293343124396;"explicit";0,880438813447476;"explicit";270;"explicit";3,28688012063239e-05;"explicit";0,921628534793854
"expressive";0;0;1;2833;0;"expressive";0,9436108021944;"expressive";0,906605517171603;"expressive";155,5;"expressive";9,13509591026124e-05;"expressive";0,877476990222931
"exuberant";0;0;0;0;0;"exuberant";0;"exuberant";0,890780243385489;"exuberant";229;"exuberant";4,80226880083305e-05;"exuberant";0,930734992027283
"faithful";0;0;0;0;0;"faithful";0;"faithful";0,89940241080967;"faithful";205;"faithful";5,3216596779023e-05;"faithful";0,930986642837524
"familiar";0;0;2;2301;0;"familiar";0,69272031766569;"familiar";0,902583035302434;"familiar";170,666666666667;"familiar";0,000120707802555771;"familiar";0,87502920627594
"fast";0;0;1;1264;0;"fast";0,17156474945739;"fast";0,896772680631666;"fast";205,5;"fast";5,91106814363082e-05;"fast";0,921934992074966
"fearful";0;0;4;762;0;"fearful";0,197907818055908;"fearful";0,897554311618364;"fearful";205,6;"fearful";5,78238075258819e-05;"fearful";0,910054814815521
"fearless";0;0;0;0;0;"fearless";0;"fearless";0,884468898162641;"fearless";264;"fearless";3,56454606148168e-05;"fearless";0,92319792509079
"fervent";2;2;0;0;1;"fervent";0;"fervent";0,897896945214622;"fervent";212;"fervent";5,24501686111344e-05;"fervent";0,933430254459381
"firm";0;0;1;427;0;"firm";0,31471452250714;"firm";0,918994891256021;"firm";108,5;"firm";9,73783176046576e-05;"firm";0,884683668613434
"forbearing";0;0;0;0;0;"forbearing";0;"forbearing";0,907453314925039;"forbearing";161;"forbearing";7,805537386548e-05;"forbearing";0,918300092220306
"forgiving";0;0;0;0;0;"forgiving";0;"forgiving";0,877295343198549;"forgiving";273;"forgiving";3,16076462718843e-05;"forgiving";0,91400682926178
"formal";4;4;5;759,8;1;"formal";0,14093757799997;"formal";0,900734536441831;"formal";184,166666666667;"formal";6,78889405711255e-05;"formal";0,910253117481867
"free";0;0;4;808,5;0;"free";0,112953836522448;"free";0,896335477925691;"free";204,8;"free";5,80615848497773e-05;"free";0,921579110622406
"fresh";0;0;8;354,125;0;"fresh";0,029156050954235;"fresh";0,893274329949293;"fresh";224,666666666667;"fresh";4,95291717120692e-05;"fresh";0,926899698045519
"friendly";0;0;4;1011,5;0;"friendly";0,156394464276825;"friendly";0,900604055964899;"friendly";181,6;"friendly";6,87484082640249e-05;"friendly";0,912075662612915
"frivolous";0;0;2;927,5;0;"frivolous";0,0411526873692201;"frivolous";0,884665813624548;"frivolous";253,666666666667;"frivolous";3,95731941252206e-05;"frivolous";0,922139585018158
"gallant";0;0;0;0;0;"gallant";0;"gallant";0,934566903706614;"gallant";51;"gallant";0,00025252138779633;"gallant";0,791551947593689
"gay";0;0;1;2;0;"gay";0,00186745283350032;"gay";0,890808362272489;"gay";231;"gay";4,76091105837783e-05;"gay";0,932122528553009
"general";11;10;42;126,261904761905;0,909090909090909;"general";0,0914592967132457;"general";0,908607571841706;"general";151,860465116279;"general";0,000109543474678746;"general";0,839370077432588
"generous";0;0;8;523,875;0;"generous";0,0844020202885349;"generous";0,889865226803578;"generous";228,666666666667;"generous";4,93827121912611e-05;"generous";0,910722004042731
"genteel";0;0;1;1365;0;"genteel";0,13577889497169;"genteel";0,895080170192234;"genteel";217,5;"genteel";5,43310673530992e-05;"genteel";0,922628492116928
"gentle";3;3;3;764,333333333333;1;"gentle";0,182041010067593;"gentle";0,899365246946911;"gentle";187,5;"gentle";6,70381060840793e-05;"gentle";0,91002157330513
"gloomy";0;0;1;1969;0;"gloomy";0,24432159498118;"gloomy";0,896274798542937;"gloomy";210,5;"gloomy";5,9951504076769e-05;"gloomy";0,914054811000824
"good-humoured";0;0;1;3890;0;"good-humoured";1,01074715233251;"good-humoured";0,899988734377621;"good-humoured";169,5;"good-humoured";8,68741849573267e-05;"good-humoured";0,892191916704178
"good-natured";2;2;2;884;1;"good-natured";0,0395253694592652;"good-natured";0,88249219344099;"good-natured";259;"good-natured";3,73009952031369e-05;"good-natured";0,920127868652344
"good-tempered";0;0;0;0;0;"good-tempered";0;"good-tempered";0,887665498767418;"good-tempered";236;"good-tempered";4,57051997107089e-05;"good-tempered";0,919026494026184
"gracious";0;0;6;536,666666666667;0;"gracious";0,0333613977003817;"gracious";0,885327387161168;"gracious";252,285714285714;"gracious";3,96851933097119e-05;"gracious";0,92149088212422
"grateful";3;3;10;340,9;1;"grateful";0,0444210626557489;"grateful";0,893777958611603;"grateful";219,727272727273;"grateful";5,19134609378021e-05;"grateful";0,92420896616849
"grave";6;5;7;735,142857142857;0,833333333333333;"grave";0,175725340745033;"grave";0,895304945819112;"grave";204,25;"grave";7,6240800135084e-05;"grave";0,894869104027748
"handsome";5;4;24;226,791666666667;0,8;"handsome";0,176465315113179;"handsome";0,913773536947335;"handsome";137,36;"handsome";0,000181137805397939;"handsome";0,718980069160461
"hasty";0;0;1;2383;0;"hasty";0,39264722665642;"hasty";0,897579838536447;"hasty";198;"hasty";6,3060627115506e-05;"hasty";0,913350313901901
"haughty";0;0;1;103;0;"haughty";0,0066157170136103;"haughty";0,900532663520777;"haughty";204;"haughty";5,34984518120446e-05;"haughty";0,931789815425872
"headstrong";0;0;3;1168,33333333333;0;"headstrong";0,132357402977727;"headstrong";0,901147711328663;"headstrong";179;"headstrong";7,17404331440375e-05;"headstrong";0,910180896520615
"hearty";0;0;1;488;0;"hearty";2,25170196590025;"hearty";0,967774915729109;"hearty";33,5;"hearty";8,6909288430201e-05;"hearty";0,415798604488373
"heavy";0;0;2;2035;0;"heavy";0,369503201797735;"heavy";0,89889078403272;"heavy";190,333333333333;"heavy";6,34467892177267e-05;"heavy";0,902507682641347
"hopeless";0;0;4;775,75;0;"hopeless";0,0939240718036849;"hopeless";0,898577066826861;"hopeless";199,8;"hopeless";6,06391916972838e-05;"hopeless";0,921915626525879
"humble";1;1;8;243,5;1;"humble";0,0758090851504563;"humble";0,906323662725082;"humble";162,444444444444;"humble";7,67809733944455e-05;"humble";0,911836975150638
"hypocritical";2;2;0;0;1;"hypocritical";0;"hypocritical";0,91711297913935;"hypocritical";91;"hypocritical";0,000108333371749423;"hypocritical";0,859042465686798
"ill-tempered";0;0;0;0;0;"ill-tempered";0;"ill-tempered";0,914434532230149;"ill-tempered";110;"ill-tempered";9,7482514074038e-05;"ill-tempered";0,884513854980469
"impartial";1;1;2;801;1;"impartial";0,247568422481965;"impartial";0,906300519642149;"impartial";165,333333333333;"impartial";7,37215653133402e-05;"impartial";0,916087249914805
"impatient";1;1;7;434,714285714286;1;"impatient";0,185244144839443;"impatient";0,912560481816466;"impatient";130,25;"impatient";0,000116449805624459;"impatient";0,874680951237679
"impertinent";3;3;5;1002,2;1;"impertinent";0,310966319622222;"impertinent";0,909488702016494;"impertinent";129,333333333333;"impertinent";0,000146976277583678;"impertinent";0,860156347354253
"impetuous";0;0;0;0;0;"impetuous";0;"impetuous";0,886577161297171;"impetuous";250;"impetuous";4,20319599698938e-05;"impetuous";0,919164001941681
"impudent";0;0;0;0;0;"impudent";0;"impudent";0,884324759561311;"impudent";265;"impudent";3,56494806239461e-05;"impudent";0,922625720500946
"incredulous";1;1;1;3521;1;"incredulous";0,278694551197471;"incredulous";0,891104351611631;"incredulous";226;"incredulous";5,27111601407009e-05;"incredulous";0,912702023983001
"indefinite";0;0;0;0;0;"indefinite";0;"indefinite";0,905164553040349;"indefinite";176;"indefinite";7,14205084391222e-05;"indefinite";0,919749200344086
"independent";0;0;1;255;0;"independent";0,10061767065853;"independent";0,906021195891398;"independent";165;"independent";7,55481315179621e-05;"independent";0,916307955980301
"indifferent";4;4;13;331,230769230769;1;"indifferent";0,0550574743717554;"indifferent";0,895616281900984;"indifferent";205;"indifferent";5,8927099330055e-05;"indifferent";0,914786287716457
"indirect";1;1;1;1;1;"indirect";0,000373805702059915;"indirect";0,921425806168292;"indirect";75;"indirect";0,000126258047921932;"indirect";0,862031787633896
"indolent";0;0;0;0;0;"indolent";0;"indolent";0,932509591396661;"indolent";59;"indolent";0,00017921146953405;"indolent";0,811983525753021
"insincere";1;1;1;576;1;"insincere";0,00392350046900969;"insincere";0,875603916282661;"insincere";278;"insincere";2,94252614294204e-05;"insincere";0,917499870061875
"insolent";0;0;3;1258;0;"insolent";0,167889939305863;"insolent";0,904232408518178;"insolent";165;"insolent";7,40710851134874e-05;"insolent";0,906583324074745
"intimate";4;4;9;596,666666666667;1;"intimate";0,186024824232821;"intimate";0,904541102122418;"intimate";159,3;"intimate";0,000116519979886449;"intimate";0,869245964288712
"invariable";0;0;0;0;0;"invariable";0;"invariable";0,902423263312182;"invariable";181;"invariable";6,95168249632554e-05;"invariable";0,923018276691437
"irreligious";1;1;0;0;1;"irreligious";0;"irreligious";0,898182809065372;"irreligious";209;"irreligious";5,25813942371798e-05;"irreligious";0,93505185842514
"irritable";3;3;1;2685;1;"irritable";0,11016031095623;"irritable";0,885840270479416;"irritable";249,5;"irritable";3,94691487095856e-05;"irritable";0,925171792507172
"jealous";0;0;2;1749;0;"jealous";0,453864223853065;"jealous";0,903377961222478;"jealous";170;"jealous";7,8753687572575e-05;"jealous";0,895001967748006
"joyful";0;0;1;2173;0;"joyful";0,32480946275744;"joyful";0,89614197351339;"joyful";204,5;"joyful";5,95383859539106e-05;"joyful";0,920893222093582
"kind";0;0;3;1314,33333333333;0;"kind";0,576373370182543;"kind";0,90383955130692;"kind";154,75;"kind";0,000123673076897069;"kind";0,853490129113197
"laconic";0;0;0;0;0;"laconic";0;"laconic";0,926171626299505;"laconic";88;"laconic";0,000108521395979776;"laconic";0,871707201004028
"leisurely";0;0;0;0;0;"leisurely";0;"leisurely";0,876816090381938;"leisurely";280;"leisurely";2,88987413048106e-05;"leisurely";0,91285514831543
"lively";3;3;10;530,2;1;"lively";0,223538555726299;"lively";0,903901079210596;"lively";177,909090909091;"lively";0,000109649229621313;"lively";0,820503064177253
"lofty";1;1;0;0;1;"lofty";0;"lofty";0,889334450259312;"lofty";235;"lofty";4,63860927136869e-05;"lofty";0,918969869613647
"loud";0;0;1;1599;0;"loud";0,37560078717704;"loud";0,903462603367975;"loud";177,5;"loud";6,78697946742778e-05;"loud";0,927052587270737
"maternal";0;0;1;529;0;"maternal";0,000544457251439923;"maternal";0,875907962922192;"maternal";279,5;"maternal";2,91341851041031e-05;"maternal";0,91370901465416
"melancholy";0;0;4;432,5;0;"melancholy";0,0894696692428325;"melancholy";0,901043766151901;"melancholy";190;"melancholy";6,39152515769835e-05;"melancholy";0,925215864181519
"mercenary";0;0;3;235,666666666667;0;"mercenary";0,02862102688326;"mercenary";0,901440338641905;"mercenary";190,75;"mercenary";6,38951550658812e-05;"mercenary";0,924649640917778
"merry";0;0;1;1168;0;"merry";0,0802122846320303;"merry";0,890480423739016;"merry";240;"merry";4,32374470071832e-05;"merry";0,925618678331375
"mild";1;1;0;0;1;"mild";0;"mild";0,905058861046478;"mild";175;"mild";7,26909121377731e-05;"mild";0,916518449783325
"military";0;0;0;0;0;"military";0;"military";0,913729547968421;"military";114;"military";9,53505195421284e-05;"military";0,88525378704071
"miserly";1;1;0;0;1;"miserly";0;"miserly";0,915487535805409;"miserly";103;"miserly";0,000104597537203442;"miserly";0,886611521244049
"modest";0;0;1;3960;0;"modest";0,4944133361408;"modest";0,893855900685394;"modest";206;"modest";5,72810207064111e-05;"modest";0,913163036108017
"musical";0;0;0;0;0;"musical";0;"musical";0,928363825541938;"musical";44;"musical";0,000274390766750699;"musical";0,7822265625
"natural";3;3;14;351,857142857143;1;"natural";0,132738065734716;"natural";0,90015312497901;"natural";189,333333333333;"natural";9,12006254501376e-05;"natural";0,89726566473643
"neat";0;0;0;0;0;"neat";0;"neat";0,903417007906238;"neat";187;"neat";6,73047066847981e-05;"neat";0,923241019248962
"negative";0;0;1;997;0;"negative";0,0708948567947694;"negative";0,886990613504722;"negative";248,5;"negative";4,12572097906359e-05;"negative";0,924844592809677
"nervous";0;0;2;933,5;0;"nervous";1,26325279709212;"nervous";0,930194856933454;"nervous";111,666666666667;"nervous";0,000260297291523716;"nervous";0,6119012037913
"noisy";0;0;2;1629;0;"noisy";0,32638442783202;"noisy";0,897025147768975;"noisy";201;"noisy";6,11831438561135e-05;"noisy";0,913544058799744
"nonsensical";0;0;1;892;0;"nonsensical";0,626529387036149;"nonsensical";0,92112191586445;"nonsensical";96,5;"nonsensical";0,00013017164451382;"nonsensical";0,862243354320526
"obsequious";0;0;0;0;0;"obsequious";0;"obsequious";0,873679410638652;"obsequious";283;"obsequious";2,77222669055967e-05;"obsequious";0,911759436130524
"obstinate";0;0;1;262;0;"obstinate";0,0122729898414695;"obstinate";0,88339670456632;"obstinate";263,5;"obstinate";3,53799398336393e-05;"obstinate";0,921643257141113
"officious";0;0;2;1476;0;"officious";0,0837203871270797;"officious";0,884625575318231;"officious";249,666666666667;"officious";3,91770632536428e-05;"officious";0,92069665590922
"open";2;2;8;600,875;1;"open";0,108683407005054;"open";0,890105329921591;"open";231,222222222222;"open";4,91768541345576e-05;"open";0,915070652961731
"orderly";0;0;0;0;0;"orderly";0;"orderly";0,910006430275537;"orderly";138;"orderly";8,5317923020482e-05;"orderly";0,905385851860046
"original";1;1;4;730,5;1;"original";0,267759477455505;"original";0,913093405641163;"original";134;"original";0,000103038026162426;"original";0,880390858650207
"partial";3;3;8;653,375;1;"partial";0,187869776806406;"partial";0,900799667972117;"partial";183,777777777778;"partial";8,88214459062364e-05;"partial";0,906055834558275
"particular";2;2;17;293;1;"particular";0,126140767096165;"particular";0,904623096678232;"particular";171,055555555556;"particular";9,29595168014558e-05;"particular";0,872636235422558
"pedantic";0;0;0;0;0;"pedantic";0;"pedantic";0,931899547736493;"pedantic";47;"pedantic";0,00027485799003848;"pedantic";0,791551947593689
"peevish";0;0;0;0;0;"peevish";0;"peevish";0,90907528367955;"peevish";154;"peevish";8,18581410054973e-05;"peevish";0,918139815330505
"perverse";0;0;0;0;0;"perverse";0;"perverse";0,906008796977446;"perverse";174;"perverse";7,23645391492157e-05;"perverse";0,922758817672729
"playful";1;1;1;1413;1;"playful";1,54470041477147;"playful";0,928294109422663;"playful";87;"playful";0,000220630361218027;"playful";0,695744737982749
"pleasant";0;0;14;296,714285714286;0;"pleasant";0,144679922224874;"pleasant";0,909081838465941;"pleasant";154,4;"pleasant";0,000110438647693866;"pleasant";0,860759488741557
"polite";0;0;3;917,333333333333;0;"polite";0,291156725206773;"polite";0,91177202291757;"polite";131,75;"polite";9,37503808232235e-05;"polite";0,882785841822624
"pompous";1;1;1;91;1;"pompous";0,0859326364174695;"pompous";0,916230185741114;"pompous";99,5;"pompous";0,000104530125298326;"pompous";0,87342831492424
"positive";0;0;2;1002;0;"positive";0,150772997573915;"positive";0,901034469164538;"positive";186;"positive";6,80300518090193e-05;"positive";0,917816936969757
"prejudiced";1;1;0;0;1;"prejudiced";0;"prejudiced";0,898099790913732;"prejudiced";210;"prejudiced";5,25579542387049e-05;"prejudiced";0,93197238445282
"profuse";0;0;0;0;0;"profuse";0;"profuse";0,92754609988213;"profuse";66;"profuse";0,000146802159622882;"profuse";0,848594009876251
"proud";5;5;16;330,75;1;"proud";0,148058925765203;"proud";0,904343455023348;"proud";162,176470588235;"proud";0,00012331543812575;"proud";0,846818482174593
"prudent";1;1;2;1455;1;"prudent";0,12727850894994;"prudent";0,889069827678684;"prudent";235,666666666667;"prudent";4,78586218555355e-05;"prudent";0,920871953169505
"punctual";0;0;2;1950;0;"punctual";0,371285388439055;"punctual";0,892811340622226;"punctual";210,666666666667;"punctual";5,68725461012743e-05;"punctual";0,898937324682871
"quarrelsome";0;0;0;0;0;"quarrelsome";0;"quarrelsome";0,901777413150601;"quarrelsome";193;"quarrelsome";6,25064878385814e-05;"quarrelsome";0,931583166122437
"quick";0;0;7;683,142857142857;0;"quick";0,433147909436214;"quick";0,907450146808381;"quick";173,375;"quick";0,000150168451613113;"quick";0,791859231889248
"quiet";0;0;5;678,2;0;"quiet";0,0423186154280179;"quiet";0,887691958260377;"quiet";241;"quiet";4,46910281772652e-05;"quiet";0,923161526521047
"rapid";0;0;2;2011,5;0;"rapid";0,600482833318995;"rapid";0,908489160642039;"rapid";160;"rapid";0,000115825507921457;"rapid";0,88460115591685
"rapturous";0;0;1;468;0;"rapturous";0,102297611716789;"rapturous";0,904354461439689;"rapturous";176,5;"rapturous";7,21449804981619e-05;"rapturous";0,925324231386185
"reasonable";2;2;10;341;1;"reasonable";0,022522824582311;"reasonable";0,881504662861269;"reasonable";261,636363636364;"reasonable";3,59726189805326e-05;"reasonable";0,918290533802726
"resentful";0;0;1;738;0;"resentful";0,47868904223717;"resentful";0,917780343784632;"resentful";119;"resentful";9,60903481499245e-05;"resentful";0,889943808317184
"resigned";2;2;0;0;1;"resigned";0;"resigned";0,891545195891996;"resigned";226;"resigned";4,8010875558998e-05;"resigned";0,929540276527405
"resolute";0;0;0;0;0;"resolute";0;"resolute";0,915647143077558;"resolute";102;"resolute";0,000105767253283192;"resolute";0,884259343147278
"respectful";0;0;0;0;0;"respectful";0;"respectful";0,917642874967416;"respectful";93;"respectful";0,000105819391065691;"respectful";0,859042465686798
"retrospective";0;0;0;0;0;"retrospective";0;"retrospective";0,886059985064066;"retrospective";252;"retrospective";4,14477910794485e-05;"retrospective";0,920530736446381
"rude";0;0;2;1442,5;0;"rude";0,15302963066811;"rude";0,896386023168952;"rude";206;"rude";5,93349529229385e-05;"rude";0,920767227808634
"sad";1;1;3;792,666666666667;1;"sad";0,0292771406810666;"sad";0,882676790311387;"sad";259,5;"sad";3,65204617143417e-05;"sad";0,917264968156815
"sanguine";0;0;0;0;0;"sanguine";0;"sanguine";0,886167461850887;"sanguine";254;"sanguine";3,98593091978496e-05;"sanguine";0,923168778419495
"sarcastic";0;0;0;0;0;"sarcastic";0;"sarcastic";0,970835762725816;"sarcastic";7;"sarcastic";0,000698812019566737;"sarcastic";0
"saucy";0;0;0;0;0;"saucy";0;"saucy";0,882011065659424;"saucy";268;"saucy";3,4297136851464e-05;"saucy";0,925829887390137
"scrupulous";0;0;0;0;0;"scrupulous";0;"scrupulous";1;"scrupulous";4;"scrupulous";0;"scrupulous";0
"second";0;0;22;250,681818181818;0;"second";0,12179255068704;"second";0,908164670206469;"second";160,391304347826;"second";0,000121502777412588;"second";0,84011173248291
"self-willed";3;3;0;0;1;"self-willed";0;"self-willed";0,897560535134021;"self-willed";216;"self-willed";5,12661916713254e-05;"self-willed";0,937721073627472
"selfish";0;0;3;871,666666666667;0;"selfish";0,0521245025232802;"selfish";0,883356679863971;"selfish";258,5;"selfish";3,58924926068121e-05;"selfish";0,917120978236198
"sensible";5;5;26;212,423076923077;1;"sensible";0,0958268746533642;"sensible";0,9049404084353;"sensible";170,740740740741;"sensible";8,8170045293254e-05;"sensible";0,866658118036058
"serious";0;0;19;270,736842105263;0;"serious";0,0621980589816179;"serious";0,896534561852211;"serious";201,95;"serious";6,64477284492479e-05;"serious";0,908633130788803
"severe";0;0;5;792,2;0;"severe";0,287229015269268;"severe";0,907550524790792;"severe";153;"severe";0,000113997768669311;"severe";0,878295491139094
"shrewish";0;0;0;0;0;"shrewish";0;"shrewish";0,886923395729267;"shrewish";245;"shrewish";4,30217323567726e-05;"shrewish";0,916350603103638
"shy";0;0;0;0;0;"shy";0;"shy";0,873897909001998;"shy";282;"shy";2,78832755389077e-05;"shy";0,910165011882782
"silent";5;4;22;234,727272727273;0,8;"silent";0,0589826667398873;"silent";0,899876823164548;"silent";185,434782608696;"silent";7,41171375351761e-05;"silent";0,904208463171254
"sincere";0;0;9;487,111111111111;0;"sincere";0,0606819584041745;"sincere";0,891968429505628;"sincere";219,5;"sincere";5,19720206277047e-05;"sincere";0,917902380228043
"slow";0;0;1;1;0;"slow";0,00180966194769017;"slow";0,885827636914404;"slow";242;"slow";4,48662392295072e-05;"slow";0,914460599422455
"sly";0;0;1;2556;0;"sly";0,70424857283677;"sly";0,905482109306928;"sly";166;"sly";7,56734575249314e-05;"sly";0,893261462450027
"social";1;1;0;0;1;"social";0;"social";0,898359680699707;"social";208;"social";5,25618039211106e-05;"social";0,932051956653595
"solemn";0;0;2;2032;0;"solemn";0,23441034978505;"solemn";0,898548306248003;"solemn";183,666666666667;"solemn";6,6290053758164e-05;"solemn";0,911927183469137
"sour";0;0;0;0;0;"sour";0;"sour";0,907187036922481;"sour";164;"sour";7,84695251714608e-05;"sour";0,916427075862885
"speedy";0;0;1;2575;0;"speedy";0,34284870710825;"speedy";0,894458439552956;"speedy";210,5;"speedy";5,71457082220068e-05;"speedy";0,916156411170959
"spiritless";0;0;1;552;0;"spiritless";0,0193997361081397;"spiritless";0,882691530186189;"spiritless";262,5;"spiritless";3,6116438924744e-05;"spiritless";0,919167280197144
"spiteful";2;2;0;0;1;"spiteful";0;"spiteful";0,882848869746069;"spiteful";263;"spiteful";3,62246251223553e-05;"spiteful";0,922236621379852
"squeamish";0;0;0;0;0;"squeamish";0;"squeamish";0,891268568752076;"squeamish";227;"squeamish";4,81354638921623e-05;"squeamish";0,924979507923126
"staid";0;0;0;0;0;"staid";0;"staid";0,901642303107512;"staid";192;"staid";6,24321542467926e-05;"staid";0,926669836044312
"stately";2;2;1;630;1;"stately";0,34655739053131;"stately";0,914397847530092;"stately";124,5;"stately";9,42954474870349e-05;"stately";0,890776485204696
"steadfast";0;0;0;0;0;"steadfast";0;"steadfast";0,901557756557783;"steadfast";195;"steadfast";5,89768077776398e-05;"steadfast";0,929813802242279
"steady";3;3;9;278,444444444444;1;"steady";0,184211695270889;"steady";0,909068501292304;"steady";145,5;"steady";0,000102196296154656;"steady";0,888158959150314
"strong";2;2;15;305,133333333333;1;"strong";0,0681375760744913;"strong";0,901373152527366;"strong";189,6875;"strong";6,45679880769318e-05;"strong";0,917766537517309
"studious";0;0;0;0;0;"studious";0;"studious";0,924562816239002;"studious";82;"studious";0,000117633044462313;"studious";0,858516216278076
"sudden";1;1;5;977;1;"sudden";0,199757536531864;"sudden";0,895433921068385;"sudden";195,333333333333;"sudden";6,78744713921375e-05;"sudden";0,902558376391729
"sufficient";0;0;1;1185;0;"sufficient";0,13544600997544;"sufficient";0,892874413944822;"sufficient";225,5;"sufficient";4,87060129571428e-05;"sufficient";0,925107032060623
"supercilious";0;0;0;0;0;"supercilious";0;"supercilious";0,927076069570954;"supercilious";36;"supercilious";0,000307682342272315;"supercilious";0,685595571994781
"sure";10;9;75;74,4533333333333;0,9;"sure";0,0657821839166335;"sure";0,899144723342342;"sure";192,776315789474;"sure";9,00641429390126e-05;"sure";0,864727280641857
"sweet";0;0;6;774,833333333333;0;"sweet";0,283896122324185;"sweet";0,915670545940487;"sweet";102,428571428571;"sweet";0,00016591015804496;"sweet";0,820010381085532
"tacit";0;0;0;0;0;"tacit";0;"tacit";0,877541274170287;"tacit";275;"tacit";3,08115728585302e-05;"tacit";0,917521595954895
"taciturn";0;0;0;0;0;"taciturn";0;"taciturn";0,912686882621826;"taciturn";130;"taciturn";8,76089523056864e-05;"taciturn";0,905231893062592
"tender";0;0;0;0;0;"tender";0;"tender";0,893604578191588;"tender";224;"tender";4,88787099665761e-05;"tender";0,920631527900696
"thankful";0;0;7;494,857142857143;0;"thankful";0,132923350654646;"thankful";0,901098461418184;"thankful";180,625;"thankful";7,10761270452342e-05;"thankful";0,907529771327973
"thorough";0;0;1;242;0;"thorough";0,18467708129816;"thorough";0,920831979813574;"thorough";102;"thorough";0,000100971339487713;"thorough";0,879934549331665
"thoughtful";0;0;0;0;0;"thoughtful";0;"thoughtful";0,900636671323997;"thoughtful";197;"thoughtful";5,6858840301546e-05;"thoughtful";0,929554045200348
"thoughtless";0;0;1;290;0;"thoughtless";0,02281508509585;"thoughtless";0,886575800937153;"thoughtless";251;"thoughtless";4,1028199171788e-05;"thoughtless";0,920455783605575
"tractable";0;0;0;0;0;"tractable";0;"tractable";0,900771521297288;"tractable";196;"tractable";5,73379943169588e-05;"tractable";0,92906254529953
"tranquil";2;2;1;884;1;"tranquil";0,15196586612402;"tranquil";0,903476218358428;"tranquil";181,5;"tranquil";6,66741598946714e-05;"tranquil";0,92196473479271
"true";6;6;23;225,304347826087;1;"true";0,0685228800319726;"true";0,898196555964893;"true";192,5;"true";7,35272443042578e-05;"true";0,905602286259333
"ugly";0;0;1;17;0;"ugly";-1,63430435202727e-05;"ugly";0,897362753055264;"ugly";219;"ugly";5,13462277120697e-05;"ugly";0,932070165872574
"unassuming";0;0;1;2459;0;"unassuming";0,60618396308381;"unassuming";0,901206848055236;"unassuming";174;"unassuming";7,34624968221475e-05;"unassuming";0,901703298091888
"uncertain";0;0;1;1651;0;"uncertain";2,55012217152029;"uncertain";0,940015625485201;"uncertain";82;"uncertain";0,000363993462321085;"uncertain";0,459845334291458
"uncivil";0;0;1;4605;0;"uncivil";0,78946918157392;"uncivil";0,900577427491833;"uncivil";184;"uncivil";6,72847082089079e-05;"uncivil";0,887864857912064
"undecided";1;1;0;0;1;"undecided";0;"undecided";0,900875027707452;"undecided";203;"undecided";5,39920361746642e-05;"undecided";0,926863193511963
"undutiful";0;0;0;0;0;"undutiful";0;"undutiful";0,908795684609325;"undutiful";151;"undutiful";8,21377724236119e-05;"undutiful";0,916509091854095
"unfeeling";0;0;1;900;0;"unfeeling";0,134115012683861;"unfeeling";0,903880353031259;"unfeeling";184,5;"unfeeling";6,6565833049713e-05;"unfeeling";0,923624992370605
"unforgiving";0;0;1;3779;0;"unforgiving";0,568845362201549;"unforgiving";0,896632098279118;"unforgiving";194;"unforgiving";6,23985274010764e-05;"unforgiving";0,899365991353989
"ungenerous";1;1;2;566,5;1;"ungenerous";0,131856888036405;"ungenerous";0,903788164459203;"ungenerous";178,333333333333;"ungenerous";6,74956345375972e-05;"ungenerous";0,921459396680196
"ungracious";0;0;2;1471,5;0;"ungracious";0,1177995907245;"ungracious";0,887607179396425;"ungracious";240;"ungracious";4,5436350289237e-05;"ungracious";0,922859450181325
"unguarded";1;1;1;2036;1;"unguarded";0,49146564831605;"unguarded";0,902950197791001;"unguarded";170,5;"unguarded";7,1370729310785e-05;"unguarded";0,905851691961288
"unhappy";1;1;12;321;1;"unhappy";0,0315292742257884;"unhappy";0,894742864012577;"unhappy";216,307692307692;"unhappy";5,36724574341589e-05;"unhappy";0,92343361561115
"unpretending";0;0;0;0;0;"unpretending";0;"unpretending";0,885579992568516;"unpretending";253;"unpretending";4,05148910088761e-05;"unpretending";0,918625593185425
"unreserved";1;1;2;942;1;"unreserved";0,998295173606455;"unreserved";0,920807833763106;"unreserved";116,666666666667;"unreserved";0,000162776625832695;"unreserved";0,719227075576782
"unsocial";0;0;0;0;0;"unsocial";0;"unsocial";0,912686882621826;"unsocial";130;"unsocial";8,76089523056864e-05;"unsocial";0,905231893062592
"unsuspicious";2;2;0;0;1;"unsuspicious";0;"unsuspicious";0,897896945214622;"unsuspicious";212;"unsuspicious";5,24501686111344e-05;"unsuspicious";0,933430254459381
"untidy";1;1;0;0;1;"untidy";0;"untidy";0,934480808751419;"untidy";61;"untidy";0,000176104566978437;"untidy";0,817777812480927
"unvarying";0;0;0;0;0;"unvarying";0;"unvarying";0,924695159394684;"unvarying";67;"unvarying";0,000142674432232192;"unvarying";0,834821462631226
"upstart";0;0;0;0;0;"upstart";0;"upstart";0,877752646890052;"upstart";277;"upstart";3,05249442939384e-05;"upstart";0,914421021938324
"urgent";0;0;2;427,5;0;"urgent";0,0341359967131249;"urgent";0,893759540268204;"urgent";229,666666666667;"urgent";4,7534582366653e-05;"urgent";0,928435206413269
"vague";1;1;1;1464;1;"vague";0,0804334477241699;"vague";0,889777130432621;"vague";244,5;"vague";4,19691247917048e-05;"vague";0,928271323442459
"vain";4;4;15;233,866666666667;1;"vain";0,101208921647568;"vain";0,903679350836529;"vain";171,75;"vain";9,22015278498333e-05;"vain";0,896741300821304
"violent";4;3;8;663,75;0,75;"violent";0,267000104288946;"violent";0,904058002487555;"violent";176,444444444444;"violent";0,000101964544837109;"violent";0,845997975932227
"watchful";0;0;0;0;0;"watchful";0;"watchful";0,901465353664974;"watchful";182;"watchful";6,90464360609008e-05;"watchful";0,922548353672028
"weak";0;0;4;1026,25;0;"weak";0,169613831519912;"weak";0,894398501835386;"weak";203,6;"weak";6,03174555777809e-05;"weak";0,912308132648468
"weak-spirited";3;3;0;0;1;"weak-spirited";0;"weak-spirited";0,897560535134021;"weak-spirited";216;"weak-spirited";5,12661916713254e-05;"weak-spirited";0,937721073627472
"whimsical";0;0;0;0;0;"whimsical";0;"whimsical";0,887149879309886;"whimsical";243;"whimsical";4,41541377279154e-05;"whimsical";0,921086072921753
"willing";0;0;3;1066,66666666667;0;"willing";0,21141666739898;"willing";0,892539060100473;"willing";218,75;"willing";5,40912433518527e-05;"willing";0,914773777127266
"wise";2;2;2;1190,5;1;"wise";0,38273257282282;"wise";0,90627395939011;"wise";164;"wise";7,6986320776844e-05;"wise";0,904436051845551
"witty";0;0;0;0;0;"witty";0;"witty";0,895646729080625;"witty";223;"witty";4,91610897903517e-05;"witty";0,928699374198914
"worldly";0;0;1;2480;0;"worldly";0,31461623875183;"worldly";0,895289280283285;"worldly";210,5;"worldly";5,72460244627353e-05;"worldly";0,91892683506012
